commit	file	line	pattern	line_sha256_16
d9309da19f35	docs/audit/external-ens-unified-migration-m6-authenticated-e2e-ui-gate/raw/playwright-results.json	14	jwt_like	a142bcb146f1f183
d9309da19f35	docs/audit/external-ens-unified-migration-m6-authenticated-e2e-ui-gate/screenshots/1366x768-apoema_settings.png	6799	generic_marker	52516d291317c77c
d9309da19f35	docs/audit/external-ens-unified-migration-m6-authenticated-e2e-ui-gate/screenshots/390x844-apoema_chat.png	1875	generic_marker	aade86f75065803a
d9309da19f35	docs/audit/external-ens-unified-migration-m6-authenticated-e2e-ui-gate/screenshots/390x844-apoema_settings.png	3999	generic_marker	6c0a591cd29c8a49
fc0cde8573b7	tests/test_ai_chat_hardening.py	174	generic_marker	6a45a66d690dca28
370ca86efe3d	backend/app/api/v1/routes/artifacts.py	164	auth_field_key	d7915e324fdc9459
370ca86efe3d	tests/test_artifacts_security_contract.py	67	auth_field_key	5adbb7bd8b2ac21a
3ec0c4266fe3	docs/audit/external-ens-unified-migration-m4-designer-api/raw/designer-api-external-manifests-snapshot.txt	4221	auth_field_key	1025cac56c53c1be
3ec0c4266fe3	docs/audit/external-ens-unified-migration-m4-designer-api/raw/designer-api-external-manifests-snapshot.txt	4257	auth_field_key	96d35d0063c0f364
af184b7ac2d9	docs/audit/external-ens-unified-migration-m0/raw/external-env-grep.txt	242	generic_marker	88f1949c4a48134c
af184b7ac2d9	docs/audit/external-ens-unified-migration-m0/raw/external-env-grep.txt	243	generic_marker	13952107ef2167e9
af184b7ac2d9	docs/audit/external-ens-unified-migration-m0/raw/external-env-grep.txt	244	generic_marker	b3f7374a345a823f
af184b7ac2d9	docs/audit/external-ens-unified-migration-m0/raw/external-env-grep.txt	245	generic_marker	b9ab3aae9d4bcb0b
af184b7ac2d9	docs/audit/external-ens-unified-migration-m0/raw/external-env-grep.txt	246	generic_marker	61a30be45a382ba9
af184b7ac2d9	docs/audit/external-ens-unified-migration-m0/raw/external-env-grep.txt	453	generic_marker	a94325eed85aa2a4
af184b7ac2d9	docs/audit/external-ens-unified-migration-m0/raw/external-env-grep.txt	568	generic_marker	8951f1edfd7339d5
af184b7ac2d9	docs/audit/external-ens-unified-migration-m0/raw/external-env-grep.txt	569	generic_marker	94eeeb0aa08dbfb3
af184b7ac2d9	docs/audit/external-ens-unified-migration-m0/raw/external-env-grep.txt	908	generic_marker	41414efb72a21609
af184b7ac2d9	docs/audit/external-ens-unified-migration-m0/raw/external-env-grep.txt	1289	auth_field_key	443b07a513eddd69
af184b7ac2d9	docs/audit/external-ens-unified-migration-m0/raw/external-env-grep.txt	1289	generic_marker	443b07a513eddd69
af184b7ac2d9	docs/audit/external-ens-unified-migration-m0/raw/external-files.txt	2158	generic_marker	c2a48925359b906d
af184b7ac2d9	docs/audit/external-ens-unified-migration-m0/raw/external-files.txt	2159	generic_marker	a032d0ded4242d1b
af184b7ac2d9	docs/audit/external-ens-unified-migration-m0/raw/external-files.txt	2160	generic_marker	1c8fc372f559dd8d
af184b7ac2d9	docs/audit/external-ens-unified-migration-m0/raw/external-files.txt	2161	generic_marker	0efc814c2faf5d5e
af184b7ac2d9	docs/audit/external-ens-unified-migration-m0/raw/external-manifests-snapshot.txt	1135	generic_marker	dbe922e3fef6f74b
af184b7ac2d9	docs/audit/external-ens-unified-migration-m0/raw/external-manifests-snapshot.txt	3514	generic_marker	2322bdf24c5338cc
af184b7ac2d9	docs/audit/external-ens-unified-migration-m0/raw/external-manifests-snapshot.txt	3515	generic_marker	e2ee362288e8f4da
af184b7ac2d9	docs/audit/external-ens-unified-migration-m0/raw/external-manifests-snapshot.txt	3548	generic_marker	0281f83da96d5ae6
af184b7ac2d9	docs/audit/external-ens-unified-migration-m0/raw/external-manifests-snapshot.txt	3549	generic_marker	584b2aa5acaff6bf
af184b7ac2d9	docs/audit/external-ens-unified-migration-m0/raw/external-manifests-snapshot.txt	3550	generic_marker	741d8c737b6bafde
af184b7ac2d9	docs/audit/external-ens-unified-migration-m0/raw/external-manifests-snapshot.txt	3551	generic_marker	385834f4f18da04b
af184b7ac2d9	docs/audit/external-ens-unified-migration-m0/raw/external-manifests-snapshot.txt	3552	generic_marker	f8d3a59e9d5a61a7
af184b7ac2d9	docs/audit/external-ens-unified-migration-m0/raw/external-manifests-snapshot.txt	3553	generic_marker	427dc3da6dfafd07
af184b7ac2d9	docs/audit/external-ens-unified-migration-m0/raw/external-manifests-snapshot.txt	3560	generic_marker	4f47888033981cde
af184b7ac2d9	docs/audit/external-ens-unified-migration-m0/raw/external-manifests-snapshot.txt	3647	generic_marker	a5f5b5edfcb314cd
af184b7ac2d9	docs/audit/external-ens-unified-migration-m0/raw/external-manifests-snapshot.txt	3657	generic_marker	a5f5b5edfcb314cd
af184b7ac2d9	docs/audit/external-ens-unified-migration-m0/raw/external-manifests-snapshot.txt	4416	generic_marker	65ae6d737284717d
af184b7ac2d9	docs/audit/external-ens-unified-migration-m0/raw/external-manifests-snapshot.txt	4627	generic_marker	aa0b05525fe798b6
af184b7ac2d9	docs/audit/external-ens-unified-migration-m0/raw/external-manifests.txt	34	generic_marker	c2a48925359b906d
af184b7ac2d9	docs/audit/external-ens-unified-migration-m0/raw/external-secret-candidates.txt	54	auth_field_key	0547ddb9bf5f0a6d
af184b7ac2d9	docs/audit/external-ens-unified-migration-m0/raw/external-secret-candidates.txt	67	auth_field_key	e68df5cfb65e7370
af184b7ac2d9	docs/audit/external-ens-unified-migration-m0/raw/external-secret-candidates.txt	70	auth_field_key	11deb09fe6808c9a
af184b7ac2d9	docs/audit/external-ens-unified-migration-m0/raw/external-secret-candidates.txt	163	auth_field_key	56f31038a08fd841
af184b7ac2d9	docs/audit/external-ens-unified-migration-m0/raw/external-secret-candidates.txt	164	auth_field_key	b30e6114a145c1bc
af184b7ac2d9	docs/audit/external-ens-unified-migration-m0/raw/external-secret-candidates.txt	165	auth_field_key	2cf77270228d3a10
af184b7ac2d9	docs/audit/external-ens-unified-migration-m0/raw/external-secret-candidates.txt	166	auth_field_key	00677e14990436a7
af184b7ac2d9	docs/audit/external-ens-unified-migration-m0/raw/external-secret-candidates.txt	179	auth_field_key	443b07a513eddd69
af184b7ac2d9	docs/audit/external-ens-unified-migration-m0/raw/external-secret-candidates.txt	179	generic_marker	443b07a513eddd69
af184b7ac2d9	docs/audit/external-ens-unified-migration-m0/raw/external-secret-candidates.txt	223	auth_field_key	a0aec12a261b10fe
af184b7ac2d9	docs/audit/external-ens-unified-migration-m0/raw/external-secret-candidates.txt	224	generic_marker	bb5670938616278e
af184b7ac2d9	docs/audit/external-ens-unified-migration-m0/raw/external-secret-candidates.txt	225	generic_marker	ea14f20a6bf5e983
af184b7ac2d9	docs/audit/external-ens-unified-migration-m0/raw/external-secret-candidates.txt	239	generic_marker	82e470024146eecf
af184b7ac2d9	docs/audit/external-ens-unified-migration-m0/raw/external-secret-candidates.txt	261	auth_field_key	acf1dc8ab3b04105
af184b7ac2d9	docs/audit/external-ens-unified-migration-m0/raw/external-secret-candidates.txt	262	auth_field_key	28a5691b306119a8
af184b7ac2d9	docs/audit/external-ens-unified-migration-m0/raw/external-secret-candidates.txt	272	auth_field_key	4398568aad67ce95
af184b7ac2d9	docs/audit/external-ens-unified-migration-m0/raw/external-secret-candidates.txt	309	auth_field_key	736ecb501adbb082
af184b7ac2d9	docs/audit/external-ens-unified-migration-m0/raw/external-secret-candidates.txt	310	auth_field_key	867d037ff4677b92
af184b7ac2d9	docs/audit/external-ens-unified-migration-m0/raw/external-secret-candidates.txt	311	auth_field_key	aa4d373fce441f5a
af184b7ac2d9	docs/audit/external-ens-unified-migration-m0/raw/external-secret-candidates.txt	341	auth_field_key	a65f0d5af7a48cfe
af184b7ac2d9	docs/audit/external-ens-unified-migration-m0/raw/external-secret-candidates.txt	355	generic_marker	a75a316d696f4231
af184b7ac2d9	docs/audit/external-ens-unified-migration-m0/raw/external-secret-candidates.txt	399	auth_field_key	b73f075657403bfd
af184b7ac2d9	docs/audit/external-ens-unified-migration-m0/raw/external-secret-candidates.txt	426	generic_marker	d4b78bbc2a41dcb6
af184b7ac2d9	docs/audit/external-ens-unified-migration-m0/raw/external-secret-candidates.txt	429	auth_field_key	c50a9a98ee33a72d
af184b7ac2d9	docs/audit/external-ens-unified-migration-m0/raw/external-secret-candidates.txt	432	auth_field_key	c08a1fc2a3bf037d
af184b7ac2d9	docs/audit/external-ens-unified-migration-m0/raw/external-secret-candidates.txt	461	auth_field_key	e047cb66f5eb85f4
af184b7ac2d9	docs/audit/external-ens-unified-migration-m0/raw/external-secret-candidates.txt	473	generic_marker	6c415fbb57161d5c
af184b7ac2d9	docs/audit/external-ens-unified-migration-m0/raw/external-secret-candidates.txt	481	auth_field_key	18073b3d57fa67d1
af184b7ac2d9	docs/audit/external-ens-unified-migration-m0/raw/external-secret-candidates.txt	482	auth_field_key	38c02feba3b5cf96
af184b7ac2d9	docs/audit/external-ens-unified-migration-m0/raw/external-secret-candidates.txt	483	auth_field_key	91accb0ddeec433a
af184b7ac2d9	docs/audit/external-ens-unified-migration-m0/raw/external-secret-candidates.txt	496	auth_field_key	851abc262137a697
af184b7ac2d9	docs/audit/external-ens-unified-migration-m0/raw/external-secret-candidates.txt	497	auth_field_key	37864e71c9bb916c
af184b7ac2d9	docs/audit/external-ens-unified-migration-m0/raw/external-secret-candidates.txt	498	auth_field_key	1751acc634bbcc9e
af184b7ac2d9	docs/audit/external-ens-unified-migration-m0/raw/external-secret-candidates.txt	499	auth_field_key	af6aff4b042f4621
af184b7ac2d9	docs/audit/external-ens-unified-migration-m0/raw/external-secret-candidates.txt	535	generic_marker	f4f4d9882f0f6627
af184b7ac2d9	docs/audit/external-ens-unified-migration-m0/raw/external-secret-candidates.txt	538	generic_marker	cd73ebac26c94e98
af184b7ac2d9	docs/audit/external-ens-unified-migration-m0/raw/external-secret-candidates.txt	540	auth_field_key	5850a3bf76fa4825
af184b7ac2d9	docs/audit/external-ens-unified-migration-m0/raw/external-secret-candidates.txt	541	auth_field_key	80a133ee111d804c
af184b7ac2d9	docs/audit/external-ens-unified-migration-m0/raw/external-secret-candidates.txt	545	generic_marker	072d140765193b7a
af184b7ac2d9	docs/audit/external-ens-unified-migration-m0/raw/external-secret-candidates.txt	557	auth_field_key	66712df11919e17e
af184b7ac2d9	docs/audit/external-ens-unified-migration-m0/raw/external-secret-candidates.txt	558	auth_field_key	0514af23347fb943
af184b7ac2d9	docs/audit/external-ens-unified-migration-m0/raw/external-secret-candidates.txt	563	auth_field_key	ef1ef8740d6bf8f8
af184b7ac2d9	docs/audit/external-ens-unified-migration-m0/raw/external-secret-candidates.txt	564	auth_field_key	38e31b371a6fbeac
af184b7ac2d9	docs/audit/external-ens-unified-migration-m0/raw/external-secret-candidates.txt	565	auth_field_key	b5209c98b686a943
af184b7ac2d9	docs/audit/external-ens-unified-migration-m0/raw/external-secret-candidates.txt	581	auth_field_key	3adcda1364f38c0a
af184b7ac2d9	docs/audit/external-ens-unified-migration-m0/raw/external-secret-candidates.txt	588	auth_field_key	2a969c34fd715f69
af184b7ac2d9	docs/audit/external-ens-unified-migration-m0/raw/external-secret-candidates.txt	600	auth_field_key	6619c23f692f1255
af184b7ac2d9	docs/audit/external-ens-unified-migration-m0/raw/external-secret-candidates.txt	601	auth_field_key	48286b848fc0dd16
af184b7ac2d9	docs/audit/external-ens-unified-migration-m0/raw/external-secret-candidates.txt	616	auth_field_key	a467259bc049903e
af184b7ac2d9	docs/audit/external-ens-unified-migration-m0/raw/external-secret-candidates.txt	628	auth_field_key	b7d0945a6d31976a
af184b7ac2d9	docs/audit/external-ens-unified-migration-m0/raw/external-secret-candidates.txt	641	auth_field_key	5aa87f52a2890a51
af184b7ac2d9	docs/audit/external-ens-unified-migration-m0/raw/external-secret-candidates.txt	642	auth_field_key	f8c9fb5dc5342dd9
af184b7ac2d9	docs/audit/external-ens-unified-migration-m0/raw/external-secret-candidates.txt	666	generic_marker	b9ad3e86a19647ff
af184b7ac2d9	docs/audit/external-ens-unified-migration-m0/raw/external-secret-candidates.txt	680	auth_field_key	ea360fa17e042e57
af184b7ac2d9	docs/audit/external-ens-unified-migration-m0/raw/external-secret-candidates.txt	697	auth_field_key	541564b36943974d
af184b7ac2d9	docs/audit/external-ens-unified-migration-m0/raw/external-secret-candidates.txt	706	auth_field_key	2967a5c3e8bb76b3
af184b7ac2d9	docs/audit/external-ens-unified-migration-m0/raw/external-secret-candidates.txt	745	auth_field_key	b7c39fc7bbb4031c
af184b7ac2d9	docs/audit/external-ens-unified-migration-m0/raw/external-secret-candidates.txt	748	generic_marker	eb667c888b20710b
af184b7ac2d9	docs/audit/external-ens-unified-migration-m0/raw/external-secret-candidates.txt	777	auth_field_key	8214190f873e8582
af184b7ac2d9	docs/audit/external-ens-unified-migration-m0/raw/external-secret-candidates.txt	787	auth_field_key	a38d062a7bfb6687
af184b7ac2d9	docs/audit/external-ens-unified-migration-m0/raw/external-secret-candidates.txt	834	auth_field_key	5f664bd59825f624
af184b7ac2d9	docs/audit/external-ens-unified-migration-m0/raw/external-secret-candidates.txt	840	auth_field_key	ac228a9739ee567c
af184b7ac2d9	docs/audit/external-ens-unified-migration-m0/raw/external-secret-candidates.txt	841	auth_field_key	51d696eecc6377eb
af184b7ac2d9	docs/audit/external-ens-unified-migration-m0/raw/external-secret-candidates.txt	842	auth_field_key	2272e10645e8408e
af184b7ac2d9	docs/audit/external-ens-unified-migration-m0/raw/external-secret-candidates.txt	845	auth_field_key	75c9b7b6baa6b7be
af184b7ac2d9	docs/audit/external-ens-unified-migration-m0/raw/external-secret-candidates.txt	859	auth_field_key	987895b161d133e2
af184b7ac2d9	docs/audit/external-ens-unified-migration-m0/raw/external-secret-candidates.txt	863	auth_field_key	865db99f4974d154
af184b7ac2d9	docs/audit/external-ens-unified-migration-m0/raw/external-secret-candidates.txt	867	auth_field_key	d0aad35837f6333a
af184b7ac2d9	docs/audit/external-ens-unified-migration-m0/raw/external-secret-candidates.txt	868	auth_field_key	e2e35c9770909e52
af184b7ac2d9	docs/audit/external-ens-unified-migration-m0/raw/external-secret-candidates.txt	875	auth_field_key	5fae3c55afa8334e
af184b7ac2d9	docs/audit/external-ens-unified-migration-m0/raw/external-secret-candidates.txt	909	auth_field_key	03abb3522c78f3e9
af184b7ac2d9	docs/audit/external-ens-unified-migration-m0/raw/external-secret-candidates.txt	914	auth_field_key	700ef60619b940e9
af184b7ac2d9	docs/audit/external-ens-unified-migration-m0/raw/external-secret-candidates.txt	923	auth_field_key	24937a0a4fb11ee7
af184b7ac2d9	docs/audit/external-ens-unified-migration-m0/raw/external-secret-candidates.txt	924	auth_field_key	8dcf9aa0362947b5
af184b7ac2d9	docs/audit/external-ens-unified-migration-m0/raw/external-secret-candidates.txt	926	auth_field_key	eaab717da908bc86
af184b7ac2d9	docs/audit/external-ens-unified-migration-m0/raw/external-secret-candidates.txt	927	auth_field_key	2f01a1cb47792d8f
af184b7ac2d9	docs/audit/external-ens-unified-migration-m0/raw/external-secret-candidates.txt	928	auth_field_key	128895a06f179760
af184b7ac2d9	docs/audit/external-ens-unified-migration-m0/raw/external-secret-candidates.txt	929	auth_field_key	3571b8746a2e84d4
af184b7ac2d9	docs/audit/external-ens-unified-migration-m0/raw/external-secret-candidates.txt	932	auth_field_key	25cad2115b92bdf1
af184b7ac2d9	docs/audit/external-ens-unified-migration-m0/raw/external-secret-candidates.txt	935	auth_field_key	f4ee589c9687ee69
af184b7ac2d9	docs/audit/external-ens-unified-migration-m0/raw/external-secret-candidates.txt	936	auth_field_key	579cf8220952a03a
af184b7ac2d9	docs/audit/external-ens-unified-migration-m0/raw/external-secret-candidates.txt	937	auth_field_key	3040aab5f39f8052
af184b7ac2d9	docs/audit/external-ens-unified-migration-m0/raw/external-secret-candidates.txt	939	auth_field_key	262e38062b1a78fd
af184b7ac2d9	docs/audit/external-ens-unified-migration-m0/raw/external-secret-candidates.txt	943	auth_field_key	7fad1a9220727d93
af184b7ac2d9	docs/audit/external-ens-unified-migration-m0/raw/external-secret-candidates.txt	945	auth_field_key	5bf2eb7832619ba3
af184b7ac2d9	docs/audit/external-ens-unified-migration-m0/raw/external-secret-candidates.txt	949	auth_field_key	0370102f7f9c32c0
af184b7ac2d9	docs/audit/external-ens-unified-migration-m0/raw/external-secret-candidates.txt	951	auth_field_key	098a34fe6c1a21ec
af184b7ac2d9	docs/audit/external-ens-unified-migration-m0/raw/external-secret-candidates.txt	962	auth_field_key	246389327fdc0463
af184b7ac2d9	docs/audit/external-ens-unified-migration-m0/raw/external-secret-candidates.txt	967	auth_field_key	1e63edfb93249192
af184b7ac2d9	docs/audit/external-ens-unified-migration-m0/raw/external-secret-candidates.txt	990	auth_field_key	95435c4e66e881f4
af184b7ac2d9	docs/audit/external-ens-unified-migration-m0/raw/external-secret-candidates.txt	1011	generic_marker	c5bb2c7e2bc5dc6b
af184b7ac2d9	docs/audit/external-ens-unified-migration-m0/raw/external-secret-candidates.txt	1024	auth_field_key	30f869d157f4e3c0
af184b7ac2d9	docs/audit/external-ens-unified-migration-m0/raw/external-secret-candidates.txt	1025	auth_field_key	eb0f2b30b78bf81a
af184b7ac2d9	docs/audit/external-ens-unified-migration-m0/raw/external-secret-candidates.txt	1026	auth_field_key	ab7dd15b15ccd69d
af184b7ac2d9	docs/audit/external-ens-unified-migration-m0/raw/external-secret-candidates.txt	1027	auth_field_key	6830ddbe6fbe1600
af184b7ac2d9	docs/audit/external-ens-unified-migration-m0/raw/external-secret-candidates.txt	1028	auth_field_key	25d96154b1ab2274
af184b7ac2d9	docs/audit/external-ens-unified-migration-m0/raw/external-secret-candidates.txt	1029	auth_field_key	0b082a41319968a6
af184b7ac2d9	docs/audit/external-ens-unified-migration-m0/raw/external-secret-candidates.txt	1030	auth_field_key	11e69844cf5d5366
af184b7ac2d9	docs/audit/external-ens-unified-migration-m0/raw/external-secret-candidates.txt	1040	auth_field_key	5665d5db03a9cbc4
af184b7ac2d9	docs/audit/external-ens-unified-migration-m0/raw/external-secret-candidates.txt	1041	auth_field_key	4a395b9918cfe0d4
af184b7ac2d9	docs/audit/external-ens-unified-migration-m0/raw/external-secret-candidates.txt	1042	auth_field_key	e391d245a8f2cd4b
af184b7ac2d9	docs/audit/external-ens-unified-migration-m0/raw/external-secret-candidates.txt	1043	auth_field_key	5da15448acea3539
af184b7ac2d9	docs/audit/external-ens-unified-migration-m0/raw/external-secret-candidates.txt	1045	auth_field_key	11d8f7e83fe74920
af184b7ac2d9	docs/audit/external-ens-unified-migration-m0/raw/external-secret-candidates.txt	1046	auth_field_key	68847737e5271088
af184b7ac2d9	docs/audit/external-ens-unified-migration-m0/raw/external-secret-candidates.txt	1047	auth_field_key	53ebbf8a71d3e333
af184b7ac2d9	docs/audit/external-ens-unified-migration-m0/raw/external-secret-candidates.txt	1048	auth_field_key	825d4c05668f07ae
af184b7ac2d9	docs/audit/external-ens-unified-migration-m0/raw/external-secret-candidates.txt	1049	auth_field_key	5820bcb8f592e63d
af184b7ac2d9	docs/audit/external-ens-unified-migration-m0/raw/external-secret-candidates.txt	1050	auth_field_key	49cf522f16a73a73
af184b7ac2d9	docs/audit/external-ens-unified-migration-m0/raw/external-secret-candidates.txt	1054	auth_field_key	b70c5b8f6e3dd184
af184b7ac2d9	docs/audit/external-ens-unified-migration-m0/raw/external-secret-candidates.txt	1055	auth_field_key	71da70b8935d4270
af184b7ac2d9	docs/audit/external-ens-unified-migration-m0/raw/external-secret-candidates.txt	1056	auth_field_key	f13421d10d9d4d6f
af184b7ac2d9	docs/audit/external-ens-unified-migration-m0/raw/external-secret-candidates.txt	1060	auth_field_key	4300df5b0ad063f8
af184b7ac2d9	docs/audit/external-ens-unified-migration-m0/raw/external-secret-candidates.txt	1061	auth_field_key	d965b5a9e2b06b1e
af184b7ac2d9	docs/audit/external-ens-unified-migration-m0/raw/external-secret-candidates.txt	1066	auth_field_key	547ed883003a53f4
af184b7ac2d9	docs/audit/external-ens-unified-migration-m0/raw/external-secret-candidates.txt	1069	auth_field_key	cd28b8811d84aa2a
af184b7ac2d9	docs/audit/external-ens-unified-migration-m0/raw/external-secret-candidates.txt	1074	auth_field_key	6804c97896aa2772
af184b7ac2d9	docs/audit/external-ens-unified-migration-m0/raw/external-secret-candidates.txt	1075	auth_field_key	29309e2a32e870f6
af184b7ac2d9	docs/audit/external-ens-unified-migration-m0/raw/external-secret-candidates.txt	1078	auth_field_key	dc6ad2bcb7561295
af184b7ac2d9	docs/audit/external-ens-unified-migration-m0/raw/external-secret-candidates.txt	1079	auth_field_key	656f84e6bcdadf5c
af184b7ac2d9	docs/audit/external-ens-unified-migration-m0/raw/external-secret-candidates.txt	1081	auth_field_key	c8576b656266ea64
af184b7ac2d9	docs/audit/external-ens-unified-migration-m0/raw/external-secret-candidates.txt	1082	auth_field_key	f716aaa012e301b7
af184b7ac2d9	docs/audit/external-ens-unified-migration-m0/raw/external-secret-candidates.txt	1096	auth_field_key	a4d00f6ecab664bc
af184b7ac2d9	docs/audit/external-ens-unified-migration-m0/raw/external-secret-candidates.txt	1097	auth_field_key	2fff27bd0c16ad85
af184b7ac2d9	docs/audit/external-ens-unified-migration-m0/raw/external-secret-candidates.txt	1138	auth_field_key	3972cf07d9b8026a
af184b7ac2d9	docs/audit/external-ens-unified-migration-m0/raw/external-secret-candidates.txt	1153	auth_field_key	98f9e7a95d13b9df
af184b7ac2d9	docs/audit/external-ens-unified-migration-m0/raw/external-secret-candidates.txt	1156	auth_field_key	bec5b73cfe9191a5
af184b7ac2d9	docs/audit/external-ens-unified-migration-m0/raw/external-secret-candidates.txt	1157	generic_marker	874180e1cbcfa667
af184b7ac2d9	docs/audit/external-ens-unified-migration-m0/raw/external-secret-candidates.txt	1160	auth_field_key	ae42d8cb8b7583e1
af184b7ac2d9	docs/audit/external-ens-unified-migration-m0/raw/external-secret-candidates.txt	1162	auth_field_key	5a817baa0d5f7f5a
af184b7ac2d9	docs/audit/external-ens-unified-migration-m0/raw/external-secret-candidates.txt	1163	auth_field_key	1e90d8402a0d4f06
af184b7ac2d9	docs/audit/external-ens-unified-migration-m0/raw/external-secret-candidates.txt	1189	auth_field_key	1d9162e387b0546b
af184b7ac2d9	docs/audit/external-ens-unified-migration-m0/raw/external-secret-candidates.txt	1190	auth_field_key	94e9a3ec2594168b
af184b7ac2d9	docs/audit/external-ens-unified-migration-m0/raw/external-secret-candidates.txt	1191	auth_field_key	3602c89694fd10fd
af184b7ac2d9	docs/audit/external-ens-unified-migration-m0/raw/external-secret-candidates.txt	1198	auth_field_key	f1ae43c142386845
af184b7ac2d9	docs/audit/external-ens-unified-migration-m0/raw/external-secret-candidates.txt	1199	auth_field_key	1ddd7d7779ade677
af184b7ac2d9	docs/audit/external-ens-unified-migration-m0/raw/external-secret-candidates.txt	1200	auth_field_key	314f2b5103b8a283
af184b7ac2d9	docs/audit/external-ens-unified-migration-m0/raw/external-secret-candidates.txt	1203	auth_field_key	04fd45dd578c859a
af184b7ac2d9	docs/audit/external-ens-unified-migration-m0/raw/external-secret-candidates.txt	1204	auth_field_key	0a49b0e3d21a643f
af184b7ac2d9	docs/audit/external-ens-unified-migration-m0/raw/external-secret-candidates.txt	1207	auth_field_key	8f378fa385222f36
af184b7ac2d9	docs/audit/external-ens-unified-migration-m0/raw/external-secret-candidates.txt	1208	auth_field_key	18ae469dd56fae61
af184b7ac2d9	docs/audit/external-ens-unified-migration-m0/raw/external-secret-candidates.txt	1212	auth_field_key	e48ee6a8bea6691d
af184b7ac2d9	docs/audit/external-ens-unified-migration-m0/raw/external-secret-candidates.txt	1215	auth_field_key	d4c3b5a3443115d6
af184b7ac2d9	docs/audit/external-ens-unified-migration-m0/raw/external-secret-candidates.txt	1221	auth_field_key	2cb42c8c39bed285
af184b7ac2d9	docs/audit/external-ens-unified-migration-m0/raw/external-secret-candidates.txt	1225	auth_field_key	af6f883547302dcf
af184b7ac2d9	docs/audit/external-ens-unified-migration-m0/raw/external-secret-candidates.txt	1238	auth_field_key	9c048016ce666fcb
af184b7ac2d9	docs/audit/external-ens-unified-migration-m0/raw/external-secret-candidates.txt	1259	generic_marker	dfa31d03ada1b93f
af184b7ac2d9	docs/audit/external-ens-unified-migration-m0/raw/external-secret-candidates.txt	1267	auth_field_key	14a9b3065fcc4352
af184b7ac2d9	docs/audit/external-ens-unified-migration-m0/raw/external-secret-candidates.txt	1270	generic_marker	0b5a20ef04e61014
af184b7ac2d9	docs/audit/external-ens-unified-migration-m0/raw/external-secret-candidates.txt	1293	auth_field_key	d917f7acb840cdc1
af184b7ac2d9	docs/audit/external-ens-unified-migration-m0/raw/external-secret-candidates.txt	1297	auth_field_key	6ce2d707f929006b
af184b7ac2d9	docs/audit/external-ens-unified-migration-m0/raw/external-secret-candidates.txt	1298	auth_field_key	0acf7fa242677ba9
af184b7ac2d9	docs/audit/external-ens-unified-migration-m0/raw/external-secret-candidates.txt	1299	auth_field_key	e30e4d556746f4d4
af184b7ac2d9	docs/audit/external-ens-unified-migration-m0/raw/external-secret-candidates.txt	1366	auth_field_key	2d87ba1bb2194e6b
af184b7ac2d9	docs/audit/external-ens-unified-migration-m0/raw/external-secret-candidates.txt	1416	auth_field_key	0ac347e215a9a1fe
af184b7ac2d9	docs/audit/external-ens-unified-migration-m0/raw/external-secret-candidates.txt	1417	auth_field_key	0e61bf31e2519347
af184b7ac2d9	docs/audit/external-ens-unified-migration-m0/raw/external-secret-candidates.txt	1418	auth_field_key	e342f25ebbc11ec5
af184b7ac2d9	docs/audit/external-ens-unified-migration-m0/raw/external-secret-candidates.txt	1419	auth_field_key	ba8b6ef5b87277cd
af184b7ac2d9	docs/audit/external-ens-unified-migration-m0/raw/external-secret-candidates.txt	1424	generic_marker	951567b605998521
af184b7ac2d9	docs/audit/external-ens-unified-migration-m0/raw/external-secret-candidates.txt	1499	auth_field_key	969286fb18c1013e
af184b7ac2d9	docs/audit/external-ens-unified-migration-m0/raw/external-secret-candidates.txt	1526	auth_field_key	3d30e76e9bdc362c
af184b7ac2d9	docs/audit/external-ens-unified-migration-m0/raw/external-secret-candidates.txt	1534	auth_field_key	de46cd14764204fc
af184b7ac2d9	docs/audit/external-ens-unified-migration-m0/raw/external-secret-candidates.txt	1536	auth_field_key	26c878964bc4b2ac
af184b7ac2d9	docs/audit/external-ens-unified-migration-m0/raw/external-secret-candidates.txt	1537	auth_field_key	253e76a9ca9840ae
af184b7ac2d9	docs/audit/external-ens-unified-migration-m0/raw/external-secret-candidates.txt	1538	auth_field_key	288cdb83645b6cc5
af184b7ac2d9	docs/audit/external-ens-unified-migration-m0/raw/external-secret-candidates.txt	1559	auth_field_key	e2b73aad65a4c493
af184b7ac2d9	docs/audit/external-ens-unified-migration-m0/raw/external-secret-candidates.txt	1574	auth_field_key	83ddb81b9731708e
af184b7ac2d9	docs/audit/external-ens-unified-migration-m0/raw/external-secret-candidates.txt	1575	auth_field_key	65f04ac573a22417
af184b7ac2d9	docs/audit/external-ens-unified-migration-m0/raw/external-secret-candidates.txt	1577	auth_field_key	4faaae51cdb72dfd
af184b7ac2d9	docs/audit/external-ens-unified-migration-m0/raw/external-secret-candidates.txt	1581	auth_field_key	41348c297fb58cb0
af184b7ac2d9	docs/audit/external-ens-unified-migration-m0/raw/external-secret-candidates.txt	1583	auth_field_key	aed94ee1f9095c88
af184b7ac2d9	docs/audit/external-ens-unified-migration-m0/raw/external-secret-candidates.txt	1584	auth_field_key	6be66ee1b890eb09
af184b7ac2d9	docs/audit/external-ens-unified-migration-m0/raw/external-secret-candidates.txt	1587	auth_field_key	c6b77620c728f66b
af184b7ac2d9	docs/audit/external-ens-unified-migration-m0/raw/external-secret-candidates.txt	1588	auth_field_key	52fa574ff4095cc9
af184b7ac2d9	docs/audit/external-ens-unified-migration-m0/raw/external-secret-candidates.txt	1590	auth_field_key	1c6d04443c83f0ef
af184b7ac2d9	docs/audit/external-ens-unified-migration-m0/raw/external-secret-candidates.txt	1591	auth_field_key	ca11b7bc5cd35d5e
af184b7ac2d9	docs/audit/external-ens-unified-migration-m0/raw/external-secret-candidates.txt	1657	auth_field_key	976944660a651dc8
af184b7ac2d9	docs/audit/external-ens-unified-migration-m0/raw/external-secret-candidates.txt	1659	auth_field_key	773d252a2f675bae
af184b7ac2d9	docs/audit/external-ens-unified-migration-m0/raw/external-secret-candidates.txt	1660	auth_field_key	e76c7f6348133f3c
af184b7ac2d9	docs/audit/external-ens-unified-migration-m0/raw/external-secret-candidates.txt	1665	auth_field_key	3db9d84ba0ce4d41
af184b7ac2d9	docs/audit/external-ens-unified-migration-m0/raw/external-secret-candidates.txt	1678	generic_marker	8909946cd3cf7e7d
af184b7ac2d9	docs/audit/external-ens-unified-migration-m0/raw/external-secret-candidates.txt	1679	generic_marker	78c854bce87e0484
af184b7ac2d9	docs/audit/external-ens-unified-migration-m0/raw/external-secret-candidates.txt	1683	auth_field_key	6a07f724e3e26176
af184b7ac2d9	docs/audit/external-ens-unified-migration-m0/raw/external-secret-candidates.txt	1720	auth_field_key	8de2ec550fed111a
af184b7ac2d9	docs/audit/external-ens-unified-migration-m0/raw/external-secret-candidates.txt	1725	generic_marker	d7ba44a52b5791b0
af184b7ac2d9	docs/audit/external-ens-unified-migration-m0/raw/external-secret-candidates.txt	1748	auth_field_key	1d2e49c077e5d8c2
af184b7ac2d9	docs/audit/external-ens-unified-migration-m0/raw/external-secret-candidates.txt	1750	auth_field_key	bb0aa159f464f806
af184b7ac2d9	docs/audit/external-ens-unified-migration-m0/raw/external-secret-candidates.txt	1752	generic_marker	63535e431ecc2f91
af184b7ac2d9	docs/audit/external-ens-unified-migration-m0/raw/external-secret-candidates.txt	1753	auth_field_key	9fa1ca82008d4bd2
af184b7ac2d9	docs/audit/external-ens-unified-migration-m0/raw/external-secret-candidates.txt	1762	auth_field_key	37f1f9e5daa58606
af184b7ac2d9	docs/audit/external-ens-unified-migration-m0/raw/external-secret-candidates.txt	1766	auth_field_key	ae63b294149a8b5e
af184b7ac2d9	docs/audit/external-ens-unified-migration-m0/raw/external-secret-candidates.txt	1767	auth_field_key	ade22043174224f1
af184b7ac2d9	docs/audit/external-ens-unified-migration-m0/raw/external-secret-candidates.txt	1773	auth_field_key	f71f1c6f1f7e72db
af184b7ac2d9	docs/audit/external-ens-unified-migration-m0/raw/external-secret-candidates.txt	1782	auth_field_key	25368fc0f7a9d214
af184b7ac2d9	docs/audit/external-ens-unified-migration-m0/raw/external-secret-candidates.txt	1783	generic_marker	363d21265f00d6be
af184b7ac2d9	docs/audit/external-ens-unified-migration-m0/raw/external-secret-candidates.txt	1784	generic_marker	ec175046233488a4
af184b7ac2d9	docs/audit/external-ens-unified-migration-m0/raw/external-secret-candidates.txt	1785	auth_field_key	a01bedc0fcb0b56c
af184b7ac2d9	docs/audit/external-ens-unified-migration-m0/raw/external-secret-candidates.txt	1790	generic_marker	e45708edefc299ac
af184b7ac2d9	docs/audit/external-ens-unified-migration-m0/raw/external-secret-candidates.txt	1791	generic_marker	77f9a22e7c4cd4fa
b370cb6281ce	docs/audit/apoema-only-phase-5i-authenticated-final-visual/screenshots/desktop-1366x768__auth-final__apoema-asset-detail.png	865	generic_marker	74a18540778ae3e2
b370cb6281ce	docs/audit/apoema-only-phase-5i-authenticated-final-visual/screenshots/desktop-1366x768__auth-final__apoema-assets.png	865	generic_marker	74a18540778ae3e2
b370cb6281ce	docs/audit/apoema-only-phase-5i-authenticated-final-visual/screenshots/desktop-1366x768__auth-final__apoema-assignments.png	865	generic_marker	74a18540778ae3e2
b370cb6281ce	docs/audit/apoema-only-phase-5i-authenticated-final-visual/screenshots/desktop-1366x768__auth-final__apoema-audit-logs.png	865	generic_marker	74a18540778ae3e2
b370cb6281ce	docs/audit/apoema-only-phase-5i-authenticated-final-visual/screenshots/desktop-1366x768__auth-final__apoema-chat.png	865	generic_marker	74a18540778ae3e2
b370cb6281ce	docs/audit/apoema-only-phase-5i-authenticated-final-visual/screenshots/desktop-1366x768__auth-final__apoema-home.png	865	generic_marker	74a18540778ae3e2
b370cb6281ce	docs/audit/apoema-only-phase-5i-authenticated-final-visual/screenshots/desktop-1366x768__auth-final__apoema-imports.png	865	generic_marker	74a18540778ae3e2
b370cb6281ce	docs/audit/apoema-only-phase-5i-authenticated-final-visual/screenshots/desktop-1366x768__auth-final__apoema-macros.png	865	generic_marker	74a18540778ae3e2
b370cb6281ce	docs/audit/apoema-only-phase-5i-authenticated-final-visual/screenshots/desktop-1366x768__auth-final__apoema-preview-chat.png	865	generic_marker	74a18540778ae3e2
b370cb6281ce	docs/audit/apoema-only-phase-5i-authenticated-final-visual/screenshots/desktop-1366x768__auth-final__apoema-preview.png	865	generic_marker	74a18540778ae3e2
b370cb6281ce	docs/audit/apoema-only-phase-5i-authenticated-final-visual/screenshots/desktop-1366x768__auth-final__apoema-settings.png	865	generic_marker	74a18540778ae3e2
b370cb6281ce	docs/audit/apoema-only-phase-5i-authenticated-final-visual/screenshots/desktop-1366x768__auth-final__apoema-signatures.png	865	generic_marker	74a18540778ae3e2
b370cb6281ce	docs/audit/apoema-only-phase-5i-authenticated-final-visual/screenshots/desktop-1366x768__auth-final__apoema-stock.png	865	generic_marker	74a18540778ae3e2
b370cb6281ce	docs/audit/apoema-only-phase-5i-authenticated-final-visual/screenshots/desktop-1366x768__auth-final__apoema-user-detail.png	865	generic_marker	74a18540778ae3e2
b370cb6281ce	docs/audit/apoema-only-phase-5i-authenticated-final-visual/screenshots/desktop-1366x768__auth-final__apoema-users.png	865	generic_marker	74a18540778ae3e2
b370cb6281ce	docs/audit/apoema-only-phase-5i-authenticated-final-visual/screenshots/desktop-1366x768__auth-final__login.png	865	generic_marker	74a18540778ae3e2
b370cb6281ce	docs/audit/apoema-only-phase-5i-authenticated-final-visual/screenshots/desktop-1366x768__auth-final__root.png	865	generic_marker	74a18540778ae3e2
6ad2f4efd348	docs/audit/apoema-only-phase-5h-authprovider-boot/raw/auth-grep.txt	164	auth_field_key	46cec2f47ddce182
6ad2f4efd348	docs/audit/apoema-only-phase-5h-authprovider-boot/raw/auth-grep.txt	185	auth_field_key	0ee5dd243ac1e22d
e459685277c9	frontend/itam-platform/src/lib/api.ts	121	auth_field_key	b03510848f5bfde1
e459685277c9	frontend/itam-platform/src/lib/auth.tsx	114	auth_field_key	fd8243dc69744518
9b8179be5531	docs/audit/apoema-only-phase-5g-authenticated-visual-audit/screenshots/desktop-1366x768__noauth__apoema-asset-detail.png	865	generic_marker	74a18540778ae3e2
9b8179be5531	docs/audit/apoema-only-phase-5g-authenticated-visual-audit/screenshots/desktop-1366x768__noauth__apoema-assets.png	865	generic_marker	74a18540778ae3e2
9b8179be5531	docs/audit/apoema-only-phase-5g-authenticated-visual-audit/screenshots/desktop-1366x768__noauth__apoema-assignments.png	865	generic_marker	74a18540778ae3e2
9b8179be5531	docs/audit/apoema-only-phase-5g-authenticated-visual-audit/screenshots/desktop-1366x768__noauth__apoema-audit-logs.png	865	generic_marker	74a18540778ae3e2
9b8179be5531	docs/audit/apoema-only-phase-5g-authenticated-visual-audit/screenshots/desktop-1366x768__noauth__apoema-chat.png	865	generic_marker	74a18540778ae3e2
9b8179be5531	docs/audit/apoema-only-phase-5g-authenticated-visual-audit/screenshots/desktop-1366x768__noauth__apoema-home.png	865	generic_marker	74a18540778ae3e2
9b8179be5531	docs/audit/apoema-only-phase-5g-authenticated-visual-audit/screenshots/desktop-1366x768__noauth__apoema-imports.png	865	generic_marker	74a18540778ae3e2
9b8179be5531	docs/audit/apoema-only-phase-5g-authenticated-visual-audit/screenshots/desktop-1366x768__noauth__apoema-macros.png	865	generic_marker	74a18540778ae3e2
9b8179be5531	docs/audit/apoema-only-phase-5g-authenticated-visual-audit/screenshots/desktop-1366x768__noauth__apoema-preview-chat.png	865	generic_marker	74a18540778ae3e2
9b8179be5531	docs/audit/apoema-only-phase-5g-authenticated-visual-audit/screenshots/desktop-1366x768__noauth__apoema-preview.png	865	generic_marker	74a18540778ae3e2
9b8179be5531	docs/audit/apoema-only-phase-5g-authenticated-visual-audit/screenshots/desktop-1366x768__noauth__apoema-settings.png	865	generic_marker	74a18540778ae3e2
9b8179be5531	docs/audit/apoema-only-phase-5g-authenticated-visual-audit/screenshots/desktop-1366x768__noauth__apoema-signatures.png	865	generic_marker	74a18540778ae3e2
9b8179be5531	docs/audit/apoema-only-phase-5g-authenticated-visual-audit/screenshots/desktop-1366x768__noauth__apoema-stock.png	865	generic_marker	74a18540778ae3e2
9b8179be5531	docs/audit/apoema-only-phase-5g-authenticated-visual-audit/screenshots/desktop-1366x768__noauth__apoema-user-detail.png	865	generic_marker	74a18540778ae3e2
9b8179be5531	docs/audit/apoema-only-phase-5g-authenticated-visual-audit/screenshots/desktop-1366x768__noauth__apoema-users.png	865	generic_marker	74a18540778ae3e2
9b8179be5531	docs/audit/apoema-only-phase-5g-authenticated-visual-audit/screenshots/desktop-1366x768__noauth__login.png	865	generic_marker	74a18540778ae3e2
9b8179be5531	docs/audit/apoema-only-phase-5g-authenticated-visual-audit/screenshots/desktop-1366x768__noauth__root.png	865	generic_marker	74a18540778ae3e2
30402e8c5a58	docs/audit/apoema-only-phase-5f-final-visual-audit/screenshots/desktop-1366x768__apoema-asset-detail.png	865	generic_marker	74a18540778ae3e2
30402e8c5a58	docs/audit/apoema-only-phase-5f-final-visual-audit/screenshots/desktop-1366x768__apoema-assets.png	865	generic_marker	74a18540778ae3e2
30402e8c5a58	docs/audit/apoema-only-phase-5f-final-visual-audit/screenshots/desktop-1366x768__apoema-assignments.png	865	generic_marker	74a18540778ae3e2
30402e8c5a58	docs/audit/apoema-only-phase-5f-final-visual-audit/screenshots/desktop-1366x768__apoema-audit-logs.png	865	generic_marker	74a18540778ae3e2
30402e8c5a58	docs/audit/apoema-only-phase-5f-final-visual-audit/screenshots/desktop-1366x768__apoema-chat.png	865	generic_marker	74a18540778ae3e2
30402e8c5a58	docs/audit/apoema-only-phase-5f-final-visual-audit/screenshots/desktop-1366x768__apoema-imports.png	865	generic_marker	74a18540778ae3e2
30402e8c5a58	docs/audit/apoema-only-phase-5f-final-visual-audit/screenshots/desktop-1366x768__apoema-macros.png	865	generic_marker	74a18540778ae3e2
30402e8c5a58	docs/audit/apoema-only-phase-5f-final-visual-audit/screenshots/desktop-1366x768__apoema-preview-chat.png	865	generic_marker	74a18540778ae3e2
30402e8c5a58	docs/audit/apoema-only-phase-5f-final-visual-audit/screenshots/desktop-1366x768__apoema-preview.png	865	generic_marker	74a18540778ae3e2
30402e8c5a58	docs/audit/apoema-only-phase-5f-final-visual-audit/screenshots/desktop-1366x768__apoema-settings.png	865	generic_marker	74a18540778ae3e2
30402e8c5a58	docs/audit/apoema-only-phase-5f-final-visual-audit/screenshots/desktop-1366x768__apoema-signatures.png	865	generic_marker	74a18540778ae3e2
30402e8c5a58	docs/audit/apoema-only-phase-5f-final-visual-audit/screenshots/desktop-1366x768__apoema-stock.png	865	generic_marker	74a18540778ae3e2
30402e8c5a58	docs/audit/apoema-only-phase-5f-final-visual-audit/screenshots/desktop-1366x768__apoema-user-detail.png	865	generic_marker	74a18540778ae3e2
30402e8c5a58	docs/audit/apoema-only-phase-5f-final-visual-audit/screenshots/desktop-1366x768__apoema-users.png	865	generic_marker	74a18540778ae3e2
30402e8c5a58	docs/audit/apoema-only-phase-5f-final-visual-audit/screenshots/desktop-1366x768__apoema.png	865	generic_marker	74a18540778ae3e2
30402e8c5a58	docs/audit/apoema-only-phase-5f-final-visual-audit/screenshots/desktop-1366x768__login.png	865	generic_marker	74a18540778ae3e2
30402e8c5a58	docs/audit/apoema-only-phase-5f-final-visual-audit/screenshots/desktop-1366x768__root.png	865	generic_marker	74a18540778ae3e2
4836c9c1b75e	frontend/itam-platform/src/styles.css	581	generic_marker	527aa474775b54e2
218a6eaf094d	tests/test_ai_chat_hardening.py	174	generic_marker	6a45a66d690dca28
f80b6093b5e5	tests/test_ai_chat_hardening.py	174	generic_marker	6a45a66d690dca28
0c96851abf41	docs/audit/apoema-only-phase-5a-final-consolidation/raw/apoema-test-coverage-grep.txt	556	auth_field_key	a475e4f3cabb98af
0c96851abf41	docs/audit/apoema-only-phase-5a-final-consolidation/raw/apoema-test-coverage-grep.txt	686	auth_field_key	8e664f94e518f682
0c96851abf41	docs/audit/apoema-only-phase-5a-final-consolidation/raw/apoema-test-coverage-grep.txt	688	auth_field_key	5b77fd064d911ca4
0c96851abf41	docs/audit/apoema-only-phase-5a-final-consolidation/raw/apoema-test-coverage-grep.txt	694	auth_field_key	f30d12f7a44ebdf5
0c96851abf41	docs/audit/apoema-only-phase-5a-final-consolidation/raw/apoema-test-coverage-grep.txt	696	auth_field_key	762b46610aeab943
0c96851abf41	docs/audit/apoema-only-phase-5a-final-consolidation/raw/apoema-test-coverage-grep.txt	741	auth_field_key	ee0fa83574690a45
0c96851abf41	docs/audit/apoema-only-phase-5a-final-consolidation/raw/frontend-provider-secret-scan.txt	306	auth_field_key	fdb60190c0e121c2
0c96851abf41	docs/audit/apoema-only-phase-5a-final-consolidation/raw/frontend-provider-secret-scan.txt	332	generic_marker	73b2a42f2345e854
0c96851abf41	docs/audit/apoema-only-phase-5a-final-consolidation/raw/frontend-provider-secret-scan.txt	362	generic_marker	4d0ba6a8e70535a7
0c96851abf41	docs/audit/apoema-only-phase-5a-final-consolidation/raw/frontend-provider-secret-scan.txt	367	generic_marker	630e643a7c18c765
0c96851abf41	docs/audit/apoema-only-phase-5a-final-consolidation/raw/frontend-provider-secret-scan.txt	466	auth_field_key	a475e4f3cabb98af
0c96851abf41	docs/audit/apoema-only-phase-5a-final-consolidation/raw/frontend-provider-secret-scan.txt	481	auth_field_key	8e664f94e518f682
0c96851abf41	docs/audit/apoema-only-phase-5a-final-consolidation/raw/frontend-provider-secret-scan.txt	482	auth_field_key	5b77fd064d911ca4
0c96851abf41	docs/audit/apoema-only-phase-5a-final-consolidation/raw/frontend-provider-secret-scan.txt	489	auth_field_key	f30d12f7a44ebdf5
0c96851abf41	docs/audit/apoema-only-phase-5a-final-consolidation/raw/frontend-provider-secret-scan.txt	493	auth_field_key	762b46610aeab943
0c96851abf41	docs/audit/apoema-only-phase-5a-final-consolidation/raw/frontend-provider-secret-scan.txt	518	auth_field_key	ee0fa83574690a45
d5f1233d5cf3	docs/audit/untracked-final-triage/untracked-final-classification.tsv	143	generic_marker	26b1b9fc2460d06e
d5f1233d5cf3	docs/audit/untracked-final-triage/untracked-final-files.txt	142	generic_marker	a3417ec2ecdb0354
4b1095734e2c	docs/audit/local-release-readiness-gates.log	163	generic_marker	a3417ec2ecdb0354
4b1095734e2c	docs/audit/local-release-readiness-gates.log	726	auth_field_key	e7cb9892c4cb7a12
4b1095734e2c	docs/audit/local-release-readiness-gates.log	728	auth_field_key	17d1cabf3ef5cbd0
4b1095734e2c	docs/audit/local-release-readiness-gates.log	739	auth_field_key	8e664f94e518f682
4b1095734e2c	docs/audit/local-release-readiness-gates.log	740	auth_field_key	5b77fd064d911ca4
4b1095734e2c	docs/audit/local-release-readiness-gates.log	749	auth_field_key	f30d12f7a44ebdf5
4b1095734e2c	docs/audit/local-release-readiness-gates.log	753	auth_field_key	762b46610aeab943
8cf7f892edb9	frontend/itam-platform/src/lib/api.ts	121	auth_field_key	b03510848f5bfde1
8cf7f892edb9	frontend/itam-platform/src/lib/auth.tsx	91	auth_field_key	fd8243dc69744518
8cf7f892edb9	frontend/itam-platform/src/styles.css	1286	generic_marker	527aa474775b54e2
5bcbebcb50d0	docs/audit/local-release-readiness-gates.log	160	generic_marker	a3417ec2ecdb0354
5bcbebcb50d0	docs/audit/local-release-readiness-gates.log	716	auth_field_key	e7cb9892c4cb7a12
5bcbebcb50d0	docs/audit/local-release-readiness-gates.log	718	auth_field_key	17d1cabf3ef5cbd0
5bcbebcb50d0	docs/audit/local-release-readiness-gates.log	729	auth_field_key	8e664f94e518f682
5bcbebcb50d0	docs/audit/local-release-readiness-gates.log	730	auth_field_key	5b77fd064d911ca4
5bcbebcb50d0	docs/audit/local-release-readiness-gates.log	739	auth_field_key	f30d12f7a44ebdf5
5bcbebcb50d0	docs/audit/local-release-readiness-gates.log	743	auth_field_key	762b46610aeab943
ebf82840810e	docs/audit/untracked-r_i_s_k-triage/legacy-artifact-boundary-findings.json	69	generic_marker	a1530b4bf129d60a
ebf82840810e	docs/audit/untracked-r_i_s_k-triage/post-boundary-git-status.txt	143	generic_marker	a3417ec2ecdb0354
ebf82840810e	docs/audit/untracked-r_i_s_k-triage/post-boundary-git-status.txt	618	generic_marker	638dff1beaf86fa5
ebf82840810e	docs/audit/untracked-r_i_s_k-triage/post-boundary-git-status.txt	619	generic_marker	95f51b987a33500d
ebf82840810e	docs/audit/untracked-r_i_s_k-triage/post-boundary-git-status.txt	620	generic_marker	cb79ac5e6b5e312b
ebf82840810e	docs/audit/untracked-r_i_s_k-triage/post-boundary-git-status.txt	621	generic_marker	0963db32abb30785
ebf82840810e	docs/audit/untracked-r_i_s_k-triage/post-boundary-git-status.txt	622	generic_marker	8bd173f5439598bf
ebf82840810e	docs/audit/untracked-r_i_s_k-triage/post-boundary-git-status.txt	623	generic_marker	621d525009f1125e
ebf82840810e	docs/audit/untracked-r_i_s_k-triage/post-boundary-git-status.txt	624	generic_marker	eaa9efb32c8f6370
ebf82840810e	docs/audit/untracked-r_i_s_k-triage/post-boundary-git-status.txt	625	generic_marker	8ffd2384f34f96a1
ebf82840810e	docs/audit/untracked-r_i_s_k-triage/post-boundary-large-files.txt	8	generic_marker	2e2a381ae0af9c07
ebf82840810e	docs/audit/untracked-r_i_s_k-triage/post-boundary-large-files.txt	9	generic_marker	22af92736a4c315c
ebf82840810e	docs/audit/untracked-r_i_s_k-triage/post-boundary-large-files.txt	34	generic_marker	90899f2f772fd688
ebf82840810e	docs/audit/untracked-r_i_s_k-triage/post-boundary-large-files.txt	73	generic_marker	5678caed724095df
ebf82840810e	docs/audit/untracked-r_i_s_k-triage/post-boundary-large-files.txt	96	generic_marker	9b8bf1c9dfa8e0e0
ebf82840810e	docs/audit/untracked-r_i_s_k-triage/post-boundary-untracked-files.txt	142	generic_marker	1e785c717f3456b8
ebf82840810e	docs/audit/untracked-r_i_s_k-triage/post-boundary-untracked-files.txt	617	generic_marker	219f3ec6433c792e
ebf82840810e	docs/audit/untracked-r_i_s_k-triage/post-boundary-untracked-files.txt	618	generic_marker	7a82414834dd3848
ebf82840810e	docs/audit/untracked-r_i_s_k-triage/post-boundary-untracked-files.txt	619	generic_marker	c1618bde3f613125
ebf82840810e	docs/audit/untracked-r_i_s_k-triage/post-boundary-untracked-files.txt	620	generic_marker	406aa2dec93c22db
ebf82840810e	docs/audit/untracked-r_i_s_k-triage/post-boundary-untracked-files.txt	621	generic_marker	c93c5842359142e6
ebf82840810e	docs/audit/untracked-r_i_s_k-triage/post-boundary-untracked-files.txt	622	generic_marker	e91efc50baf233f5
ebf82840810e	docs/audit/untracked-r_i_s_k-triage/post-boundary-untracked-files.txt	623	generic_marker	aed29ff5154b6653
ebf82840810e	docs/audit/untracked-r_i_s_k-triage/post-boundary-untracked-files.txt	624	generic_marker	8e93076164f1b71c
870ec9997c2e	docs/audit/untracked-r_i_s_k-triage/UNTRACKED_R_I_S_K_TRIAGE_20260623.md	98	generic_marker	2bbb18049cca7dcd
870ec9997c2e	docs/audit/untracked-r_i_s_k-triage/git-status-untracked.txt	143	generic_marker	a3417ec2ecdb0354
870ec9997c2e	docs/audit/untracked-r_i_s_k-triage/git-status-untracked.txt	711	generic_marker	8a4d5e5e2935290e
870ec9997c2e	docs/audit/untracked-r_i_s_k-triage/git-status-untracked.txt	712	generic_marker	fd129de576c80374
870ec9997c2e	docs/audit/untracked-r_i_s_k-triage/git-status-untracked.txt	713	generic_marker	0e9754df191e4d6c
870ec9997c2e	docs/audit/untracked-r_i_s_k-triage/git-status-untracked.txt	714	generic_marker	3dcbb048eedfb67a
870ec9997c2e	docs/audit/untracked-r_i_s_k-triage/git-status-untracked.txt	715	generic_marker	83f65ce77cd5900c
870ec9997c2e	docs/audit/untracked-r_i_s_k-triage/git-status-untracked.txt	716	generic_marker	0531818b5451e112
870ec9997c2e	docs/audit/untracked-r_i_s_k-triage/untracked-files.txt	143	generic_marker	1e785c717f3456b8
870ec9997c2e	docs/audit/untracked-r_i_s_k-triage/untracked-files.txt	711	generic_marker	03350f892cc57f05
870ec9997c2e	docs/audit/untracked-r_i_s_k-triage/untracked-large-files.txt	71	generic_marker	598ea4757a269b40
870ec9997c2e	docs/audit/untracked-r_i_s_k-triage/untracked-large-files.txt	175	generic_marker	68bf5627ee3fd95e
870ec9997c2e	docs/audit/untracked-r_i_s_k-triage/untracked-r_i_s_k-findings.json	358	generic_marker	b0636b2eccd0e41d
870ec9997c2e	docs/audit/untracked-r_i_s_k-triage/untracked-r_i_s_k-findings.json	878	generic_marker	09e6e28fa9c0b026
870ec9997c2e	docs/audit/untracked-r_i_s_k-triage/untracked-r_i_s_k-findings.json	1498	generic_marker	1d42e7410a3f79f9
870ec9997c2e	docs/audit/untracked-r_i_s_k-triage/untracked-r_i_s_k-findings.json	1856	generic_marker	f4b1432b26faf1c7
283d9bc9c4b5	backend/app/main.py	116	auth_field_key	6868cd5a3e7e39ec
283d9bc9c4b5	backend/app/main.py	119	auth_field_key	0e6d500ef537192e
283d9bc9c4b5	tests/test_ai_chat_hardening.py	174	generic_marker	6a45a66d690dca28
283d9bc9c4b5	tests/test_metrics_hardening.py	42	auth_field_key	1bc1d15b9a769681
283d9bc9c4b5	tests/test_metrics_hardening.py	46	auth_field_key	051f46f11a8e8486
283d9bc9c4b5	tests/test_metrics_hardening.py	69	auth_field_key	37bbe4923733c79c
283d9bc9c4b5	tests/test_metrics_hardening.py	79	auth_field_key	37bbe4923733c79c
d22c4323a12b	docs/apoema-visual-qa/screenshots/after-polish/1920-assets.png	1032	generic_marker	ac8f11f561136841
eab3dd7bee9b	frontend/itam-platform/src/styles.css	1286	generic_marker	527aa474775b54e2
438c4c40d1e8	frontend/itam-platform/src/styles.css	1286	generic_marker	527aa474775b54e2
bcca333fbeb3	frontend/itam-platform/src/styles.css	1286	generic_marker	527aa474775b54e2
de48d9826e71	frontend/itam-platform/src/styles.css	1286	generic_marker	527aa474775b54e2
4a6de95681db	frontend/itam-platform/src/styles.css	1286	generic_marker	527aa474775b54e2
9c77b4c9e100	frontend/itam-platform/src/styles.css	1286	generic_marker	527aa474775b54e2
714f9cb2d4fe	frontend/itam-platform/src/components/base44/Base44AuditEventCard.tsx	46	generic_marker	1693c09f0568e988
714f9cb2d4fe	frontend/itam-platform/src/styles.css	1286	generic_marker	527aa474775b54e2
bbf10c3c052c	frontend/itam-platform/src/styles.css	1286	generic_marker	527aa474775b54e2
269e1926ba93	frontend/itam-platform/src/styles.css	1286	generic_marker	527aa474775b54e2
b66a0052c42e	frontend/itam-platform/src/styles.css	1286	generic_marker	527aa474775b54e2
110f22d0907a	frontend/itam-platform/src/lib/api.ts	121	auth_field_key	b03510848f5bfde1
110f22d0907a	frontend/itam-platform/src/pages/AuditLogsPage.tsx	89	generic_marker	1693c09f0568e988
1cce91423e20	tests/test_assets_regression.py	58	auth_field_key	a4f4ff5d9402e401
9967f226816b	docs/product/MACRO_H1C_RUNTIME_VISUAL_RECHECK.md	41	auth_field_key	2e8b8a1ea0f0edc4
8241f0090a73	frontend/itam-platform/src/lib/api.ts	121	auth_field_key	b03510848f5bfde1
5aaf0701d859	docs/audit/GIT_H2_UNTRACKED_INVENTORY.csv	148	generic_marker	e8141de0b4976a77
5aaf0701d859	docs/audit/HERMES_FULL_PROJECT_AUDIT_H1_REPORT.md	165	generic_marker	d0389ac87aa3bafa
5aaf0701d859	docs/audit/HERMES_R_I_S_K_REGISTER_H1.md	3	generic_marker	60f430741d0595f7
5aaf0701d859	docs/audit/HERMES_R_I_S_K_REGISTER_H1.md	4	generic_marker	5ba1af649e41aa14
5aaf0701d859	docs/audit/HERMES_R_I_S_K_REGISTER_H1.md	14	generic_marker	903d7acf419f710b
5aaf0701d859	docs/audit/HERMES_R_I_S_K_REGISTER_H1.md	15	generic_marker	cbe3af81a17e5442
5aaf0701d859	docs/audit/HERMES_R_I_S_K_REGISTER_H1.md	25	generic_marker	2965da303e5ced68
5aaf0701d859	docs/audit/HERMES_R_I_S_K_REGISTER_H1.md	26	generic_marker	1aa7a5ac14f990c3
5aaf0701d859	docs/audit/HERMES_R_I_S_K_REGISTER_H1.md	36	generic_marker	06e13de902231dfd
5aaf0701d859	docs/audit/HERMES_R_I_S_K_REGISTER_H1.md	37	generic_marker	7e852c993e065455
5aaf0701d859	docs/audit/HERMES_R_I_S_K_REGISTER_H1.md	47	generic_marker	ba2a18d248fa038b
5aaf0701d859	docs/audit/HERMES_R_I_S_K_REGISTER_H1.md	48	generic_marker	d59fbd8e997a52ab
5aaf0701d859	docs/audit/HERMES_R_I_S_K_REGISTER_H1.md	58	generic_marker	b47e1cc8d7c36f0c
5aaf0701d859	docs/audit/HERMES_R_I_S_K_REGISTER_H1.md	59	generic_marker	c4c99c43c8276914
5aaf0701d859	docs/audit/HERMES_R_I_S_K_REGISTER_H1.md	69	generic_marker	d06f355ad192e524
5aaf0701d859	docs/audit/HERMES_R_I_S_K_REGISTER_H1.md	70	generic_marker	ac8cced3ec533c59
5aaf0701d859	docs/audit/HERMES_R_I_S_K_REGISTER_H1.md	80	generic_marker	c9aa4455daedaac9
5aaf0701d859	docs/audit/HERMES_R_I_S_K_REGISTER_H1.md	81	generic_marker	24735d87de824f21
5aaf0701d859	docs/audit/HERMES_R_I_S_K_REGISTER_H1.md	91	generic_marker	3f1f0d3ecd291767
5aaf0701d859	docs/audit/HERMES_R_I_S_K_REGISTER_H1.md	92	generic_marker	b6bab095bd931f1e
5aaf0701d859	docs/audit/HERMES_R_I_S_K_REGISTER_H1.md	102	generic_marker	c05ef8fb616b824e
5aaf0701d859	docs/audit/HERMES_R_I_S_K_REGISTER_H1.md	103	generic_marker	5377bb6d7dd627e4
5aaf0701d859	docs/audit/HERMES_R_I_S_K_REGISTER_H1.md	113	generic_marker	59b9ca8fe371c4db
5aaf0701d859	docs/audit/HERMES_R_I_S_K_REGISTER_H1.md	114	generic_marker	a693c0f965de9ca7
5aaf0701d859	docs/audit/HERMES_R_I_S_K_REGISTER_H1.md	124	generic_marker	970d570b109521be
5aaf0701d859	docs/audit/HERMES_R_I_S_K_REGISTER_H1.md	125	generic_marker	85f0782d727df610
d0fb175effc3	docs/audit/LEGACY_ASSETS_TRIAGE_GIT_C5_REPORT.md	114	generic_marker	041116c928b5a7fc
b77cc95b245b	docs/audit/screenshots/b4e-legacy-csp/after/admin-login.png	47	generic_marker	11c9aeb16e954447
c2ec6179c910	docs/FRONTEND_AUTHENTICATED_VISUAL_SMOKE_B4D_REPORT.md	234	generic_marker	228aa2963cdac5f6
c2ec6179c910	docs/FRONTEND_AUTHENTICATED_VISUAL_SMOKE_B4D_REPORT.md	244	generic_marker	d1c0dfa02ffc67c7
c2ec6179c910	docs/FRONTEND_VISUAL_REPAIR_B4C_REPORT.md	180	generic_marker	228aa2963cdac5f6
c2ec6179c910	docs/FRONTEND_VISUAL_REPAIR_B4C_REPORT.md	190	generic_marker	4e249f04e3fd333b
c2ec6179c910	frontend/itam-platform/docs/brand/mockups/command-center-mockup.png	18104	generic_marker	9ab3f3ee3a004d24
c2ec6179c910	frontend/itam-platform/docs/brand/mockups/command-center-mockup.png	26870	generic_marker	1091b8402b95b9f2
c2ec6179c910	frontend/itam-platform/docs/brand/mockups/command-center-mockup.png	29549	generic_marker	a34afec13bd98cb3
c2ec6179c910	frontend/itam-platform/docs/brand/reference/guardian.png	28761	generic_marker	f74bae67bcc4d832
c2ec6179c910	frontend/itam-platform/docs/brand/reference/guardian.png	44691	generic_marker	c51cfa0c325a44d4
c2ec6179c910	frontend/itam-platform/docs/brand/reference/guardian.png	47499	generic_marker	897f82bcb075c977
c2ec6179c910	frontend/itam-platform/docs/brand/reference/guardian.png	65331	generic_marker	b3cddaa48dd0f7a2
c2ec6179c910	frontend/itam-platform/docs/brand/reference/guardiao-original.png	28761	generic_marker	f74bae67bcc4d832
c2ec6179c910	frontend/itam-platform/docs/brand/reference/guardiao-original.png	44691	generic_marker	c51cfa0c325a44d4
c2ec6179c910	frontend/itam-platform/docs/brand/reference/guardiao-original.png	47499	generic_marker	897f82bcb075c977
c2ec6179c910	frontend/itam-platform/docs/brand/reference/guardiao-original.png	65331	generic_marker	b3cddaa48dd0f7a2
c2ec6179c910	frontend/itam-platform/docs/brand/reference/sentinel-logo-reference.png	56252	generic_marker	71fdab19240dcc9c
c2ec6179c910	frontend/itam-platform/docs/brand/reference/sentinel-logo-reference.png	65010	generic_marker	cf3e5d420302f4f7
c2ec6179c910	frontend/itam-platform/docs/local-crawl/screenshots/20260609-local-5173-home-1366x768.png	105	generic_marker	caafe6c87c38afa3
c2ec6179c910	frontend/itam-platform/docs/local-crawl/screenshots/20260609-local-5173-home-1366x768.png	566	generic_marker	a2f9bfda3e72c789
c2ec6179c910	frontend/itam-platform/docs/local-crawl/screenshots/20260609-local-ai-chat-1366x768.png	1593	generic_marker	63dabc49baef7dc2
c2ec6179c910	frontend/itam-platform/docs/local-crawl/screenshots/20260609-local-home-1920x1080.png	2593	generic_marker	89501ddfaa49a4fb
c2ec6179c910	frontend/itam-platform/docs/local-crawl/screenshots/20260609-local-login-1366x768.png	105	generic_marker	caafe6c87c38afa3
c2ec6179c910	frontend/itam-platform/docs/local-crawl/screenshots/20260609-local-login-1366x768.png	566	generic_marker	a2f9bfda3e72c789
c2ec6179c910	frontend/itam-platform/docs/local-crawl/screenshots/20260609-local-settings-1366x768.png	1612	generic_marker	e453683147a064fe
c2ec6179c910	frontend/itam-platform/docs/local-crawl/screenshots/20260609-local-users-1366x768.png	3749	generic_marker	03825ea100790fdd
c2ec6179c910	frontend/itam-platform/docs/ui-audit/screenshots/20260609-ai-chat-1920x1080.png	2924	generic_marker	9da1b7d51c76eaa1
c2ec6179c910	frontend/itam-platform/docs/ui-audit/screenshots/20260609-login-1366x768.png	105	generic_marker	caafe6c87c38afa3
c2ec6179c910	frontend/itam-platform/docs/ui-audit/screenshots/20260609-login-1366x768.png	566	generic_marker	a2f9bfda3e72c789
c2ec6179c910	frontend/itam-platform/src/styles.css	1174	generic_marker	527aa474775b54e2
b88f4130db59	docs/IMPORT_PIPELINE_STAGING_B3_REPORT.md	187	generic_marker	dab09de871c4d2a8
4d8fb3e65b60	docs/AI_CHAT_BACKEND_HARDENING_B2_REPORT.md	127	generic_marker	17b7bcc2a01354ed
4d8fb3e65b60	tests/test_ai_chat_hardening.py	172	generic_marker	6a45a66d690dca28
b8aef417b10c	docs/SECURITY_HYGIENE_B0_REPORT.md	53	generic_marker	acbcc4a094fc848c
b8aef417b10c	docs/WORKTREE_TRIAGE_REPORT.md	309	generic_marker	b3cd5d955345add5
b8aef417b10c	docs/WORKTREE_TRIAGE_REPORT.md	972	generic_marker	142404543420cada
b8aef417b10c	docs/WORKTREE_TRIAGE_REPORT.md	974	generic_marker	e6c7ca4c183b6a65
b8aef417b10c	docs/WORKTREE_TRIAGE_REPORT.md	979	generic_marker	a0847d2864721b88
